ID_Lote,Fecha_Produccion,Planta,Linea,SKU,Producto,Turno,Unidades_Planeadas,Unidades_Producidas,Unidades_Buenas,Unidades_Merma,Horas_Maquina,Tiempo_Muerto_Min,Costo_Materia_Prima,Costo_Mano_Obra,Costo_Indirecto
LOT0001,2025-10-14,Planta Centro,L3 Empaque,SKU012,Espresso Grano 1kg,Vespertino,1365,1385,1359,26,4.55,37,445980.37,5776.58,1544.77
LOT0002,2025-10-27,Planta Norte,L3 Empaque,SKU014,Blend Casa 1kg,Nocturno,1496,1519,1426,93,5.28,63,375859.18,5630.97,1668.82
LOT0003,2025-12-12,Planta Centro,L3 Empaque,SKU017,Cápsulas Descafeinadas 10 pzas,Nocturno,2068,2070,1848,222,5.18,119,106341.88,5746.11,2559.36
LOT0004,2025-11-20,Planta Norte,L4 Cápsulas,SKU019,Drip Bags Selección 8 pzas,Vespertino,945,962,893,69,7.4,82,75190.08,7196.02,1914.08
LOT0005,2025-10-14,Planta Occidente,L3 Empaque,SKU010,Descafeinado Molido 250g,Matutino,3004,2827,2706,121,7.54,45,214819.75,7525.92,2688.62
LOT0006,2025-10-24,Planta Occidente,L2 Molido,SKU002,Café Tradicional Molido 500g,Vespertino,1868,1882,1799,83,7.98,22,147806.84,7859.79,2329.93
LOT0007,2025-12-17,Planta Norte,L2 Molido,SKU012,Espresso Grano 1kg,Vespertino,808,745,720,25,7.52,38,233310.86,9365.21,2165.5
LOT0008,2025-09-21,Planta Centro,L3 Empaque,SKU009,Café Orgánico Grano 1kg,Vespertino,727,684,648,36,6.73,53,200962.99,7732.12,2441.75
LOT0009,2025-11-10,Planta Occidente,L1 Tostado,SKU003,Café Tradicional Grano 1kg,Matutino,1091,1049,1015,34,4.92,39,152069.06,6625.45,1634.16
LOT0010,2025-12-16,Planta Norte,L1 Tostado,SKU004,Café Premium Molido 250g,Nocturno,1968,2011,1930,81,7.63,48,127161.69,8654.38,1752.39
LOT0011,2025-09-27,Planta Centro,L2 Molido,SKU001,Café Tradicional Molido 250g,Vespertino,2478,2387,2257,130,6.1,35,108700.23,5405.25,1583.82
LOT0012,2025-10-15,Planta Centro,L3 Empaque,SKU006,Café Premium Grano 1kg,Nocturno,619,626,567,59,8.73,115,151399.52,11447.39,2730.06
LOT0013,2025-11-05,Planta Norte,L3 Empaque,SKU019,Drip Bags Selección 8 pzas,Nocturno,2808,2730,2447,283,9.64,74,254364.44,8619.73,3423.29
LOT0014,2025-09-09,Planta Occidente,L4 Cápsulas,SKU011,Descafeinado Molido 500g,Matutino,2572,2376,2260,116,10.29,65,340420.3,9768.65,2515.77
LOT0015,2025-11-04,Planta Occidente,L3 Empaque,SKU018,Cold Brew Concentrado 1L,Matutino,2844,2901,2850,51,5.25,45,272568.19,6781.04,1185.57
LOT0016,2025-10-24,Planta Occidente,L2 Molido,SKU008,Café Orgánico Molido 500g,Matutino,861,859,811,48,8.68,42,118157.57,10819.51,2853.05
LOT0017,2025-11-20,Planta Occidente,L3 Empaque,SKU014,Blend Casa 1kg,Matutino,937,965,940,25,4.54,72,241253.83,6494.73,1813.17
LOT0018,2025-10-24,Planta Occidente,L2 Molido,SKU011,Descafeinado Molido 500g,Vespertino,1415,1385,1329,56,9.58,20,170468.08,8919.98,2257.9
LOT0019,2025-11-24,Planta Occidente,L4 Cápsulas,SKU018,Cold Brew Concentrado 1L,Matutino,2443,2409,2193,216,4.8,103,185336.44,5417.45,1971.26
LOT0020,2025-12-29,Planta Norte,L3 Empaque,SKU006,Café Premium Grano 1kg,Matutino,2756,2577,2532,45,9.67,10,615856.26,9090.94,2823.31
LOT0021,2025-10-10,Planta Norte,L2 Molido,SKU004,Café Premium Molido 250g,Nocturno,1566,1498,1474,24,10.48,30,88506.22,12680.59,2032.0
LOT0022,2025-10-10,Planta Norte,L3 Empaque,SKU015,Cápsulas Clásicas 10 pzas,Nocturno,2638,2490,2326,164,4.58,53,107311.87,6372.49,1756.15
LOT0023,2025-11-06,Planta Centro,L1 Tostado,SKU007,Café Orgánico Molido 250g,Vespertino,2768,2660,2538,122,8.32,45,210346.22,11540.3,3005.88
LOT0024,2025-10-26,Planta Occidente,L1 Tostado,SKU010,Descafeinado Molido 250g,Matutino,1454,1436,1373,63,9.23,32,89204.32,11895.18,2836.6
LOT0025,2025-12-09,Planta Occidente,L2 Molido,SKU002,Café Tradicional Molido 500g,Matutino,2043,1978,1955,23,6.67,64,154312.62,7288.24,2320.72
LOT0026,2025-10-26,Planta Occidente,L2 Molido,SKU002,Café Tradicional Molido 500g,Matutino,744,748,719,29,6.08,72,63317.83,7427.51,2226.3
LOT0027,2025-12-23,Planta Centro,L2 Molido,SKU005,Café Premium Molido 500g,Nocturno,2274,2107,2019,88,6.99,35,274753.82,9085.56,1572.85
LOT0028,2025-12-29,Planta Norte,L2 Molido,SKU019,Drip Bags Selección 8 pzas,Matutino,1703,1663,1621,42,10.34,78,149870.85,14341.59,3234.88
LOT0029,2025-10-25,Planta Norte,L2 Molido,SKU013,Café de Altura 340g,Nocturno,763,719,689,30,9.82,34,65062.49,9356.12,2071.01
LOT0030,2025-09-19,Planta Occidente,L2 Molido,SKU002,Café Tradicional Molido 500g,Vespertino,2066,2104,2058,46,8.66,28,153193.92,11663.31,2212.36
LOT0031,2025-11-26,Planta Occidente,L2 Molido,SKU002,Café Tradicional Molido 500g,Matutino,1938,1863,1802,61,8.01,80,154712.87,9099.13,2866.84
LOT0032,2025-11-08,Planta Occidente,L2 Molido,SKU010,Descafeinado Molido 250g,Matutino,2501,2390,2346,44,6.72,80,144248.54,7865.56,2529.98
LOT0033,2025-09-30,Planta Occidente,L3 Empaque,SKU009,Café Orgánico Grano 1kg,Vespertino,1431,1349,1317,32,9.78,31,399420.66,9306.1,3089.8
LOT0034,2025-09-10,Planta Occidente,L1 Tostado,SKU012,Espresso Grano 1kg,Vespertino,3036,2855,2724,131,9.98,45,865405.45,13206.13,2118.2
LOT0035,2025-09-21,Planta Centro,L3 Empaque,SKU006,Café Premium Grano 1kg,Nocturno,3117,3123,2806,317,6.76,127,696136.51,7162.38,2411.64
LOT0036,2025-11-28,Planta Centro,L4 Cápsulas,SKU008,Café Orgánico Molido 500g,Vespertino,2254,2196,2080,116,7.96,114,324186.19,10624.88,2737.15
LOT0037,2025-12-18,Planta Centro,L3 Empaque,SKU011,Descafeinado Molido 500g,Vespertino,616,606,585,21,5.53,43,73255.68,5131.61,1952.25
LOT0038,2025-10-19,Planta Norte,L2 Molido,SKU006,Café Premium Grano 1kg,Matutino,2287,2224,2116,108,7.88,76,628054.62,7409.87,2711.68
LOT0039,2025-11-29,Planta Centro,L1 Tostado,SKU016,Cápsulas Intensas 10 pzas,Matutino,2867,2786,2739,47,7.44,36,118854.46,10663.73,2493.31
LOT0040,2025-11-21,Planta Centro,L1 Tostado,SKU012,Espresso Grano 1kg,Matutino,1486,1391,1316,75,8.01,37,350523.12,9158.74,2605.92
LOT0041,2025-10-02,Planta Centro,L2 Molido,SKU006,Café Premium Grano 1kg,Vespertino,1822,1825,1792,33,4.79,79,414717.05,5862.13,2237.69
LOT0042,2025-12-15,Planta Norte,L2 Molido,SKU010,Descafeinado Molido 250g,Vespertino,2467,2504,2402,102,7.73,62,158799.02,9354.25,2400.23
LOT0043,2025-10-28,Planta Occidente,L2 Molido,SKU018,Cold Brew Concentrado 1L,Nocturno,1834,1833,1752,81,5.18,70,144974.1,4443.68,2118.17
LOT0044,2025-10-30,Planta Centro,L4 Cápsulas,SKU017,Cápsulas Descafeinadas 10 pzas,Nocturno,2741,2547,2467,80,10.38,83,129419.22,11870.12,3604.81
LOT0045,2025-12-10,Planta Centro,L3 Empaque,SKU016,Cápsulas Intensas 10 pzas,Matutino,2704,2571,2441,130,8.17,46,114235.6,11242.28,2167.05
LOT0046,2025-10-02,Planta Occidente,L2 Molido,SKU012,Espresso Grano 1kg,Vespertino,2200,2263,2240,23,9.02,53,587327.56,10468.91,2163.51
LOT0047,2025-09-14,Planta Centro,L4 Cápsulas,SKU019,Drip Bags Selección 8 pzas,Matutino,1532,1480,1373,107,10.37,38,113247.66,13282.52,2979.83
LOT0048,2025-12-26,Planta Occidente,L2 Molido,SKU008,Café Orgánico Molido 500g,Vespertino,951,939,921,18,7.5,52,117394.18,8134.67,1641.78
LOT0049,2025-09-21,Planta Centro,L3 Empaque,SKU018,Cold Brew Concentrado 1L,Nocturno,2175,2118,1985,133,9.6,161,162192.24,11072.62,4274.62
LOT0050,2025-09-25,Planta Occidente,L1 Tostado,SKU019,Drip Bags Selección 8 pzas,Matutino,984,989,937,52,9.79,24,74621.88,12091.51,2587.2
LOT0051,2025-10-09,Planta Norte,L2 Molido,SKU017,Cápsulas Descafeinadas 10 pzas,Matutino,2615,2579,2523,56,10.29,56,132941.77,10936.09,3127.31
LOT0052,2025-11-08,Planta Occidente,L3 Empaque,SKU019,Drip Bags Selección 8 pzas,Matutino,837,843,811,32,6.11,77,78148.06,8117.22,1942.23
LOT0053,2025-09-25,Planta Occidente,L1 Tostado,SKU008,Café Orgánico Molido 500g,Matutino,2582,2434,2294,140,8.06,40,355953.96,8415.86,2807.23
LOT0054,2025-09-10,Planta Norte,L4 Cápsulas,SKU006,Café Premium Grano 1kg,Nocturno,2029,1960,1804,156,8.02,98,490569.55,9330.34,3144.22
LOT0055,2025-11-26,Planta Centro,L4 Cápsulas,SKU002,Café Tradicional Molido 500g,Nocturno,1718,1705,1566,139,5.05,37,143236.64,4558.5,1485.97
LOT0056,2025-09-29,Planta Norte,L2 Molido,SKU017,Cápsulas Descafeinadas 10 pzas,Nocturno,768,736,705,31,8.26,70,42468.23,10210.93,2135.6
LOT0057,2025-09-23,Planta Norte,L4 Cápsulas,SKU007,Café Orgánico Molido 250g,Matutino,734,742,690,52,5.47,98,48165.86,6452.5,2265.33
LOT0058,2025-09-06,Planta Centro,L2 Molido,SKU018,Cold Brew Concentrado 1L,Nocturno,816,775,751,24,6.94,48,62383.39,7818.63,2114.41
LOT0059,2025-10-26,Planta Centro,L3 Empaque,SKU004,Café Premium Molido 250g,Nocturno,2122,2084,1891,193,5.59,144,128265.17,5575.22,2602.29
LOT0060,2025-11-16,Planta Centro,L1 Tostado,SKU003,Café Tradicional Grano 1kg,Vespertino,1902,1920,1866,54,5.95,47,270362.89,5443.8,1518.24
LOT0061,2025-09-30,Planta Norte,L1 Tostado,SKU002,Café Tradicional Molido 500g,Nocturno,1963,1829,1760,69,9.29,24,160085.56,12298.32,2785.54
LOT0062,2025-12-02,Planta Norte,L2 Molido,SKU009,Café Orgánico Grano 1kg,Matutino,1981,1865,1778,87,6.67,25,490830.61,7207.41,1267.9
LOT0063,2025-09-25,Planta Occidente,L2 Molido,SKU014,Blend Casa 1kg,Vespertino,2315,2344,2306,38,9.19,19,622990.83,9435.82,2463.55
LOT0064,2025-10-08,Planta Occidente,L1 Tostado,SKU005,Café Premium Molido 500g,Vespertino,1162,1157,1090,67,8.18,49,160772.64,10768.59,1808.64
LOT0065,2025-11-05,Planta Occidente,L4 Cápsulas,SKU015,Cápsulas Clásicas 10 pzas,Matutino,1599,1517,1421,96,6.32,91,66404.32,8028.85,2725.73
LOT0066,2025-10-16,Planta Centro,L2 Molido,SKU015,Cápsulas Clásicas 10 pzas,Nocturno,2500,2346,2258,88,8.33,35,111957.39,10798.95,1908.32
LOT0067,2025-11-30,Planta Centro,L1 Tostado,SKU011,Descafeinado Molido 500g,Vespertino,2756,2797,2741,56,4.87,31,366105.64,6487.93,1394.08
LOT0068,2025-11-18,Planta Norte,L2 Molido,SKU016,Cápsulas Intensas 10 pzas,Nocturno,2818,2729,2598,131,5.81,28,136780.49,8059.7,1327.44
LOT0069,2025-10-10,Planta Norte,L1 Tostado,SKU005,Café Premium Molido 500g,Matutino,3125,2920,2804,116,8.68,76,356698.62,8169.33,2100.15
LOT0070,2025-10-08,Planta Centro,L3 Empaque,SKU005,Café Premium Molido 500g,Nocturno,833,782,693,89,5.37,65,103179.61,4663.54,1776.74
LOT0071,2025-09-02,Planta Norte,L3 Empaque,SKU016,Cápsulas Intensas 10 pzas,Matutino,1521,1542,1465,77,8.34,46,66959.33,11506.77,2837.9
LOT0072,2025-09-13,Planta Norte,L3 Empaque,SKU015,Cápsulas Clásicas 10 pzas,Vespertino,3191,2955,2845,110,6.53,67,138474.91,7621.47,1926.72
LOT0073,2025-09-24,Planta Centro,L3 Empaque,SKU019,Drip Bags Selección 8 pzas,Nocturno,1639,1517,1409,108,7.93,79,127911.73,10084.1,2416.87
LOT0074,2025-12-11,Planta Occidente,L1 Tostado,SKU003,Café Tradicional Grano 1kg,Vespertino,1444,1411,1333,78,9.71,31,245143.63,9511.03,1843.56
LOT0075,2025-11-04,Planta Centro,L3 Empaque,SKU013,Café de Altura 340g,Matutino,2220,2285,2189,96,4.83,54,207889.2,5432.02,1735.35
LOT0076,2025-12-31,Planta Norte,L1 Tostado,SKU018,Cold Brew Concentrado 1L,Vespertino,2591,2471,2368,103,5.59,17,234361.43,6388.54,1267.41
LOT0077,2025-11-27,Planta Norte,L4 Cápsulas,SKU008,Café Orgánico Molido 500g,Nocturno,1270,1302,1201,101,10.45,113,205316.01,14426.31,3549.14
LOT0078,2025-09-11,Planta Centro,L4 Cápsulas,SKU015,Cápsulas Clásicas 10 pzas,Nocturno,1565,1603,1511,92,7.84,40,70152.79,8784.78,2674.11
LOT0079,2025-09-01,Planta Norte,L1 Tostado,SKU013,Café de Altura 340g,Matutino,2332,2346,2300,46,7.13,13,233533.18,6644.96,2227.58
LOT0080,2025-12-08,Planta Centro,L1 Tostado,SKU017,Cápsulas Descafeinadas 10 pzas,Matutino,667,624,608,16,5.12,52,36282.77,7275.95,1620.57
LOT0081,2025-10-16,Planta Norte,L4 Cápsulas,SKU004,Café Premium Molido 250g,Matutino,2950,2815,2641,174,6.13,88,149833.65,8807.01,2157.55
LOT0082,2025-09-21,Planta Occidente,L1 Tostado,SKU013,Café de Altura 340g,Nocturno,2245,2110,1995,115,9.59,58,217125.5,12735.68,2208.14
LOT0083,2025-11-06,Planta Norte,L4 Cápsulas,SKU017,Cápsulas Descafeinadas 10 pzas,Vespertino,2705,2637,2486,151,7.32,83,119282.08,6354.69,2056.12
LOT0084,2025-11-14,Planta Norte,L4 Cápsulas,SKU006,Café Premium Grano 1kg,Matutino,2455,2357,2198,159,7.39,58,520788.66,8958.69,2678.34
LOT0085,2025-11-10,Planta Centro,L2 Molido,SKU003,Café Tradicional Grano 1kg,Vespertino,3111,3086,3044,42,9.23,79,514971.71,7938.81,3066.66
LOT0086,2025-10-25,Planta Centro,L2 Molido,SKU011,Descafeinado Molido 500g,Nocturno,766,783,750,33,5.88,33,107666.85,7098.4,1715.25
LOT0087,2025-11-27,Planta Occidente,L4 Cápsulas,SKU007,Café Orgánico Molido 250g,Matutino,2019,2018,1850,168,6.94,113,142037.48,8572.02,2475.49
LOT0088,2025-10-14,Planta Occidente,L4 Cápsulas,SKU008,Café Orgánico Molido 500g,Nocturno,1358,1380,1308,72,5.88,72,199122.52,6648.68,2656.97
LOT0089,2025-09-25,Planta Centro,L3 Empaque,SKU009,Café Orgánico Grano 1kg,Matutino,3031,2815,2756,59,8.79,23,831261.9,12070.34,2976.65
LOT0090,2025-10-24,Planta Norte,L4 Cápsulas,SKU004,Café Premium Molido 250g,Matutino,2604,2476,2348,128,7.74,89,158919.48,6735.52,3101.32
LOT0091,2025-11-24,Planta Norte,L1 Tostado,SKU010,Descafeinado Molido 250g,Matutino,2698,2534,2411,123,10.25,75,176449.46,10953.33,3704.61
LOT0092,2025-09-08,Planta Norte,L4 Cápsulas,SKU001,Café Tradicional Molido 250g,Matutino,2747,2581,2364,217,10.25,47,106041.15,14222.78,2575.66
LOT0093,2025-12-05,Planta Norte,L1 Tostado,SKU006,Café Premium Grano 1kg,Nocturno,2426,2388,2337,51,8.27,53,538625.93,9460.61,2884.29
LOT0094,2025-09-30,Planta Occidente,L1 Tostado,SKU003,Café Tradicional Grano 1kg,Matutino,1220,1177,1134,43,8.96,15,208444.73,9020.6,1604.15
LOT0095,2025-10-11,Planta Norte,L2 Molido,SKU007,Café Orgánico Molido 250g,Nocturno,1498,1539,1495,44,5.9,40,112228.65,7944.8,1260.58
LOT0096,2025-09-09,Planta Norte,L4 Cápsulas,SKU007,Café Orgánico Molido 250g,Nocturno,805,754,722,32,7.76,74,54573.08,9861.47,2504.81
LOT0097,2025-09-21,Planta Centro,L1 Tostado,SKU012,Espresso Grano 1kg,Vespertino,1989,1984,1963,21,6.26,46,593667.56,6424.79,2432.78
LOT0098,2025-10-17,Planta Centro,L2 Molido,SKU019,Drip Bags Selección 8 pzas,Nocturno,628,605,592,13,6.61,34,47557.17,6112.47,1647.3
LOT0099,2025-10-09,Planta Centro,L3 Empaque,SKU012,Espresso Grano 1kg,Vespertino,1805,1755,1682,73,5.68,29,540645.82,6930.61,1324.28
LOT0100,2025-12-19,Planta Norte,L1 Tostado,SKU014,Blend Casa 1kg,Matutino,970,969,952,17,6.12,68,209305.07,7309.72,1773.87
LOT0101,2025-12-29,Planta Occidente,L2 Molido,SKU007,Café Orgánico Molido 250g,Vespertino,1138,1128,1103,25,7.21,23,81929.19,8782.32,2037.64
LOT0102,2025-11-01,Planta Centro,L3 Empaque,SKU004,Café Premium Molido 250g,Vespertino,1057,989,947,42,8.43,46,63385.8,9622.24,3200.0
LOT0103,2025-10-11,Planta Occidente,L1 Tostado,SKU015,Cápsulas Clásicas 10 pzas,Vespertino,2610,2673,2578,95,5.3,49,103705.22,6730.38,1442.33
LOT0104,2025-11-04,Planta Occidente,L2 Molido,SKU015,Cápsulas Clásicas 10 pzas,Matutino,875,830,798,32,7.45,71,40694.17,7856.88,1813.84
LOT0105,2025-09-19,Planta Occidente,L4 Cápsulas,SKU015,Cápsulas Clásicas 10 pzas,Nocturno,2567,2604,2519,85,8.2,83,119789.06,8697.14,2357.29
LOT0106,2025-10-02,Planta Norte,L2 Molido,SKU005,Café Premium Molido 500g,Vespertino,1213,1148,1120,28,6.94,52,138986.82,7589.35,1677.33
LOT0107,2025-11-11,Planta Occidente,L2 Molido,SKU004,Café Premium Molido 250g,Nocturno,1779,1690,1605,85,9.63,50,111637.53,12851.44,2506.94
LOT0108,2025-12-09,Planta Occidente,L2 Molido,SKU007,Café Orgánico Molido 250g,Nocturno,2760,2673,2626,47,8.05,54,182347.84,8876.45,1923.21
LOT0109,2025-11-17,Planta Centro,L4 Cápsulas,SKU015,Cápsulas Clásicas 10 pzas,Matutino,1478,1413,1286,127,6.15,99,69068.36,6040.38,2560.39
LOT0110,2025-10-06,Planta Occidente,L1 Tostado,SKU010,Descafeinado Molido 250g,Vespertino,2969,3023,2991,32,8.96,74,229739.54,12901.95,2836.65
LOT0111,2025-09-27,Planta Occidente,L3 Empaque,SKU009,Café Orgánico Grano 1kg,Nocturno,1002,935,860,75,6.69,112,274107.17,7279.14,2436.47
LOT0112,2025-11-11,Planta Occidente,L2 Molido,SKU001,Café Tradicional Molido 250g,Vespertino,1622,1622,1548,74,9.84,53,58116.41,13771.93,2295.69
LOT0113,2025-10-22,Planta Centro,L2 Molido,SKU016,Cápsulas Intensas 10 pzas,Nocturno,2849,2844,2808,36,9.69,36,142478.08,10458.4,2456.65
LOT0114,2025-09-08,Planta Occidente,L3 Empaque,SKU006,Café Premium Grano 1kg,Matutino,1058,992,951,41,4.63,15,219495.36,6067.93,881.78
LOT0115,2025-12-15,Planta Centro,L1 Tostado,SKU010,Descafeinado Molido 250g,Vespertino,600,593,558,35,5.87,13,36192.41,5447.35,1325.29
LOT0116,2025-12-14,Planta Centro,L1 Tostado,SKU012,Espresso Grano 1kg,Vespertino,3002,2867,2779,88,7.73,12,827017.56,10326.96,1420.48
LOT0117,2025-10-30,Planta Occidente,L3 Empaque,SKU017,Cápsulas Descafeinadas 10 pzas,Vespertino,2208,2257,2212,45,6.55,52,107783.64,6244.61,2429.34
LOT0118,2025-11-25,Planta Occidente,L1 Tostado,SKU015,Cápsulas Clásicas 10 pzas,Vespertino,3062,3142,3038,104,9.44,10,147561.37,13404.98,1630.36
LOT0119,2025-12-20,Planta Centro,L4 Cápsulas,SKU010,Descafeinado Molido 250g,Nocturno,778,760,721,39,7.6,82,51976.05,7052.71,2885.59
LOT0120,2025-11-29,Planta Norte,L4 Cápsulas,SKU002,Café Tradicional Molido 500g,Nocturno,1364,1304,1190,114,9.0,55,117033.03,11127.4,2456.67
LOT0121,2025-11-12,Planta Centro,L1 Tostado,SKU013,Café de Altura 340g,Vespertino,2413,2281,2146,135,7.73,23,183388.26,8308.81,1772.81
LOT0122,2025-09-17,Planta Occidente,L2 Molido,SKU016,Cápsulas Intensas 10 pzas,Vespertino,1078,1012,969,43,10.35,15,51309.78,13176.56,2662.19
LOT0123,2025-11-29,Planta Centro,L2 Molido,SKU002,Café Tradicional Molido 500g,Nocturno,2926,2897,2801,96,6.36,73,212006.25,5611.79,2043.66
LOT0124,2025-09-12,Planta Occidente,L2 Molido,SKU012,Espresso Grano 1kg,Nocturno,738,746,718,28,5.36,39,209134.82,5836.42,1820.9
LOT0125,2025-10-03,Planta Occidente,L1 Tostado,SKU004,Café Premium Molido 250g,Matutino,1775,1827,1751,76,9.65,79,119102.92,12088.54,2734.17
LOT0126,2025-10-24,Planta Occidente,L3 Empaque,SKU011,Descafeinado Molido 500g,Vespertino,679,663,647,16,5.86,23,89517.81,5422.74,1821.18
LOT0127,2025-12-21,Planta Centro,L1 Tostado,SKU004,Café Premium Molido 250g,Nocturno,2385,2299,2248,51,8.99,49,147853.44,11289.62,2521.87
LOT0128,2025-11-27,Planta Occidente,L2 Molido,SKU001,Café Tradicional Molido 250g,Vespertino,2799,2863,2722,141,10.5,63,125312.53,9973.93,2829.53
LOT0129,2025-12-08,Planta Occidente,L4 Cápsulas,SKU005,Café Premium Molido 500g,Vespertino,2857,2933,2820,113,6.12,120,337769.61,8098.64,1820.53
LOT0130,2025-11-30,Planta Norte,L4 Cápsulas,SKU010,Descafeinado Molido 250g,Matutino,1469,1365,1254,111,8.6,76,91520.49,7504.44,2538.46
LOT0131,2025-12-11,Planta Centro,L1 Tostado,SKU017,Cápsulas Descafeinadas 10 pzas,Matutino,1825,1695,1632,63,6.36,20,75314.44,6935.01,1384.95
LOT0132,2025-11-30,Planta Occidente,L3 Empaque,SKU011,Descafeinado Molido 500g,Vespertino,3009,2773,2608,165,5.85,45,430806.22,8031.12,2043.33
LOT0133,2025-11-11,Planta Centro,L4 Cápsulas,SKU009,Café Orgánico Grano 1kg,Vespertino,2761,2698,2472,226,9.21,71,790878.06,11895.39,2995.98
LOT0134,2025-12-29,Planta Norte,L2 Molido,SKU006,Café Premium Grano 1kg,Vespertino,2705,2531,2445,86,6.97,34,572856.54,8652.57,1612.69
LOT0135,2025-11-16,Planta Occidente,L2 Molido,SKU011,Descafeinado Molido 500g,Matutino,994,992,935,57,9.51,45,132154.56,12222.05,2458.78
LOT0136,2025-12-15,Planta Norte,L1 Tostado,SKU001,Café Tradicional Molido 250g,Vespertino,2541,2533,2432,101,9.48,69,104341.63,8458.64,2450.11
LOT0137,2025-11-24,Planta Norte,L1 Tostado,SKU004,Café Premium Molido 250g,Vespertino,1199,1218,1155,63,4.78,33,70138.35,6182.25,1654.72
LOT0138,2025-11-30,Planta Occidente,L3 Empaque,SKU008,Café Orgánico Molido 500g,Nocturno,2465,2526,2398,128,7.37,145,395088.15,9652.29,3697.09
LOT0139,2025-09-23,Planta Norte,L1 Tostado,SKU011,Descafeinado Molido 500g,Vespertino,872,859,822,37,8.31,22,120994.03,10524.19,2055.26
LOT0140,2025-10-03,Planta Centro,L3 Empaque,SKU015,Cápsulas Clásicas 10 pzas,Nocturno,2814,2869,2683,186,8.05,129,136084.5,8157.1,2627.12
LOT0141,2025-12-26,Planta Norte,L3 Empaque,SKU004,Café Premium Molido 250g,Matutino,683,676,651,25,6.67,62,44829.18,5691.23,2165.19
LOT0142,2025-09-14,Planta Occidente,L2 Molido,SKU001,Café Tradicional Molido 250g,Vespertino,3173,3075,2899,176,6.9,48,137295.19,6934.68,2373.37
LOT0143,2025-12-31,Planta Centro,L3 Empaque,SKU005,Café Premium Molido 500g,Nocturno,1859,1797,1604,193,10.27,75,200004.03,9879.13,3245.53
LOT0144,2025-10-29,Planta Norte,L3 Empaque,SKU004,Café Premium Molido 250g,Vespertino,2344,2159,2133,26,8.63,42,120343.19,11552.09,2274.88
LOT0145,2025-11-09,Planta Centro,L3 Empaque,SKU012,Espresso Grano 1kg,Vespertino,1249,1154,1109,45,9.41,22,294728.12,11372.54,2494.96
LOT0146,2025-10-26,Planta Centro,L4 Cápsulas,SKU018,Cold Brew Concentrado 1L,Matutino,1181,1146,1044,102,10.21,104,109898.95,8719.74,2851.82
LOT0147,2025-12-09,Planta Norte,L1 Tostado,SKU016,Cápsulas Intensas 10 pzas,Matutino,1868,1727,1671,56,5.99,46,83254.31,5425.1,1273.54
LOT0148,2025-09-19,Planta Centro,L1 Tostado,SKU006,Café Premium Grano 1kg,Vespertino,1668,1712,1678,34,9.56,67,477373.95,10111.38,3317.28
LOT0149,2025-10-26,Planta Occidente,L1 Tostado,SKU008,Café Orgánico Molido 500g,Vespertino,2576,2613,2581,32,6.19,27,340720.71,6492.41,1723.12
LOT0150,2025-11-06,Planta Occidente,L2 Molido,SKU014,Blend Casa 1kg,Matutino,842,778,757,21,7.4,52,182902.22,7314.83,1761.01
LOT0151,2025-10-14,Planta Norte,L1 Tostado,SKU007,Café Orgánico Molido 250g,Nocturno,935,962,924,38,7.01,76,75931.41,8698.86,2823.12
LOT0152,2025-12-09,Planta Occidente,L4 Cápsulas,SKU005,Café Premium Molido 500g,Nocturno,2628,2640,2520,120,9.31,105,351376.04,8884.37,2979.07
LOT0153,2025-09-14,Planta Norte,L1 Tostado,SKU019,Drip Bags Selección 8 pzas,Vespertino,2923,2733,2622,111,4.87,22,234183.66,6229.81,1188.17
LOT0154,2025-09-14,Planta Centro,L4 Cápsulas,SKU010,Descafeinado Molido 250g,Nocturno,2145,2101,1950,151,8.27,84,142446.66,10710.36,3089.21
LOT0155,2025-10-09,Planta Norte,L3 Empaque,SKU012,Espresso Grano 1kg,Matutino,2309,2167,2133,34,9.13,72,583727.77,10921.66,2322.6
LOT0156,2025-09-25,Planta Norte,L1 Tostado,SKU007,Café Orgánico Molido 250g,Vespertino,1004,956,933,23,6.41,37,75322.47,7496.3,1957.97
LOT0157,2025-11-22,Planta Norte,L2 Molido,SKU019,Drip Bags Selección 8 pzas,Vespertino,2566,2633,2481,152,5.75,11,241482.34,5110.3,1725.92
LOT0158,2025-10-20,Planta Norte,L2 Molido,SKU016,Cápsulas Intensas 10 pzas,Matutino,3074,2854,2777,77,6.17,14,131286.67,6591.89,1934.07
LOT0159,2025-10-22,Planta Norte,L2 Molido,SKU002,Café Tradicional Molido 500g,Vespertino,2639,2639,2507,132,9.65,20,229508.38,10581.51,2061.76
LOT0160,2025-09-29,Planta Occidente,L3 Empaque,SKU009,Café Orgánico Grano 1kg,Nocturno,1951,1920,1762,158,9.04,97,561041.48,10947.41,3387.23
LOT0161,2025-09-17,Planta Centro,L1 Tostado,SKU014,Blend Casa 1kg,Matutino,2241,2115,2083,32,7.45,19,443226.84,7572.19,1983.62
LOT0162,2025-09-11,Planta Occidente,L2 Molido,SKU008,Café Orgánico Molido 500g,Nocturno,661,638,618,20,9.52,16,96012.8,11770.68,1899.26
LOT0163,2025-12-12,Planta Norte,L4 Cápsulas,SKU018,Cold Brew Concentrado 1L,Nocturno,2475,2450,2238,212,9.59,88,199294.94,8739.6,2488.64
LOT0164,2025-12-06,Planta Norte,L2 Molido,SKU014,Blend Casa 1kg,Nocturno,1074,1034,1020,14,5.73,27,259611.2,5000.68,1458.15
LOT0165,2025-11-23,Planta Centro,L4 Cápsulas,SKU005,Café Premium Molido 500g,Matutino,2899,2669,2552,117,9.3,35,320902.36,9594.25,2600.13
LOT0166,2025-12-30,Planta Occidente,L2 Molido,SKU019,Drip Bags Selección 8 pzas,Nocturno,2328,2370,2236,134,8.57,21,209923.06,10807.17,1932.35
LOT0167,2025-12-07,Planta Occidente,L1 Tostado,SKU018,Cold Brew Concentrado 1L,Nocturno,3049,2826,2710,116,9.55,26,227461.39,11713.0,2034.81
LOT0168,2025-10-29,Planta Norte,L3 Empaque,SKU014,Blend Casa 1kg,Matutino,2163,2141,2083,58,6.92,70,485818.92,9086.12,2230.28
LOT0169,2025-12-28,Planta Centro,L2 Molido,SKU005,Café Premium Molido 500g,Matutino,2442,2249,2153,96,8.36,50,262852.08,11946.7,3032.63
LOT0170,2025-10-28,Planta Norte,L1 Tostado,SKU014,Blend Casa 1kg,Matutino,3075,2999,2842,157,9.3,80,755455.71,12867.68,3471.78
LOT0171,2025-09-10,Planta Centro,L4 Cápsulas,SKU012,Espresso Grano 1kg,Nocturno,1819,1732,1619,113,6.79,70,537482.16,7316.78,2037.48
LOT0172,2025-10-27,Planta Norte,L3 Empaque,SKU009,Café Orgánico Grano 1kg,Nocturno,2914,2789,2505,284,5.79,149,778710.09,6672.2,2201.81
LOT0173,2025-11-30,Planta Occidente,L3 Empaque,SKU002,Café Tradicional Molido 500g,Matutino,3053,3100,2940,160,6.04,50,227267.49,8633.63,1726.79
LOT0174,2025-12-16,Planta Norte,L1 Tostado,SKU001,Café Tradicional Molido 250g,Vespertino,1727,1677,1586,91,9.6,74,73177.98,9241.11,3623.85
LOT0175,2025-09-01,Planta Norte,L1 Tostado,SKU015,Cápsulas Clásicas 10 pzas,Nocturno,1787,1673,1609,64,8.36,16,80570.86,8059.97,2236.67
LOT0176,2025-11-20,Planta Norte,L2 Molido,SKU002,Café Tradicional Molido 500g,Vespertino,2215,2139,2074,65,6.27,47,192054.35,5835.01,1613.54
LOT0177,2025-11-15,Planta Occidente,L4 Cápsulas,SKU016,Cápsulas Intensas 10 pzas,Vespertino,1353,1378,1296,82,8.7,38,65830.76,11254.17,2971.31
LOT0178,2025-12-14,Planta Occidente,L4 Cápsulas,SKU011,Descafeinado Molido 500g,Nocturno,2467,2283,2137,146,6.91,100,306995.21,7197.26,2474.27
LOT0179,2025-10-17,Planta Norte,L1 Tostado,SKU010,Descafeinado Molido 250g,Vespertino,2857,2693,2551,142,6.02,67,202569.65,8436.81,1932.36
LOT0180,2025-09-28,Planta Centro,L2 Molido,SKU014,Blend Casa 1kg,Vespertino,1416,1367,1319,48,9.13,33,319772.0,8153.63,2012.33
LOT0181,2025-11-05,Planta Occidente,L2 Molido,SKU004,Café Premium Molido 250g,Vespertino,1120,1082,1051,31,9.96,39,72282.86,13561.53,3065.17
LOT0182,2025-11-05,Planta Centro,L2 Molido,SKU016,Cápsulas Intensas 10 pzas,Nocturno,2599,2561,2510,51,6.12,57,128530.87,6711.63,1665.94
LOT0183,2025-11-04,Planta Occidente,L2 Molido,SKU008,Café Orgánico Molido 500g,Vespertino,2530,2371,2311,60,4.79,64,331756.36,5243.63,1382.17
LOT0184,2025-12-01,Planta Occidente,L3 Empaque,SKU011,Descafeinado Molido 500g,Vespertino,1233,1141,1099,42,4.81,75,139221.22,5528.04,2009.37
LOT0185,2025-10-20,Planta Centro,L4 Cápsulas,SKU016,Cápsulas Intensas 10 pzas,Nocturno,1110,1098,1044,54,9.84,120,52696.62,10953.02,3760.92
LOT0186,2025-10-14,Planta Centro,L4 Cápsulas,SKU015,Cápsulas Clásicas 10 pzas,Vespertino,2168,2006,1900,106,4.7,106,94151.76,6528.57,2110.17
LOT0187,2025-09-27,Planta Norte,L1 Tostado,SKU005,Café Premium Molido 500g,Vespertino,1959,2011,1892,119,6.38,27,238677.95,7790.94,1566.63
LOT0188,2025-09-17,Planta Norte,L2 Molido,SKU002,Café Tradicional Molido 500g,Matutino,946,912,897,15,5.76,17,80055.14,7055.01,1523.33
LOT0189,2025-11-13,Planta Centro,L2 Molido,SKU015,Cápsulas Clásicas 10 pzas,Nocturno,2507,2490,2429,61,10.05,30,119455.27,13801.55,1951.0
LOT0190,2025-12-07,Planta Norte,L2 Molido,SKU008,Café Orgánico Molido 500g,Vespertino,2970,2767,2635,132,8.94,32,415732.07,11461.01,2721.61
LOT0191,2025-10-30,Planta Norte,L3 Empaque,SKU017,Cápsulas Descafeinadas 10 pzas,Vespertino,2215,2147,2035,112,5.98,45,111510.45,7738.71,1443.81
LOT0192,2025-09-18,Planta Centro,L4 Cápsulas,SKU018,Cold Brew Concentrado 1L,Matutino,2527,2512,2358,154,7.33,80,221066.7,10184.53,2676.48
LOT0193,2025-09-04,Planta Occidente,L1 Tostado,SKU012,Espresso Grano 1kg,Matutino,1301,1312,1260,52,8.55,66,331582.42,11831.85,3179.53
LOT0194,2025-09-12,Planta Centro,L1 Tostado,SKU016,Cápsulas Intensas 10 pzas,Matutino,1019,948,915,33,8.73,25,40297.03,9261.43,2801.73
LOT0195,2025-11-05,Planta Centro,L2 Molido,SKU004,Café Premium Molido 250g,Matutino,2414,2222,2118,104,9.85,18,140937.86,12336.83,2072.67
LOT0196,2025-12-07,Planta Occidente,L3 Empaque,SKU015,Cápsulas Clásicas 10 pzas,Nocturno,2502,2469,2251,218,6.13,159,102519.17,7984.12,2872.29
LOT0197,2025-12-02,Planta Occidente,L2 Molido,SKU017,Cápsulas Descafeinadas 10 pzas,Vespertino,2846,2658,2592,66,8.68,62,138990.79,9470.12,2844.15
LOT0198,2025-09-26,Planta Centro,L4 Cápsulas,SKU003,Café Tradicional Grano 1kg,Nocturno,2516,2557,2402,155,7.36,47,362751.13,9254.07,1738.79
LOT0199,2025-11-08,Planta Centro,L2 Molido,SKU004,Café Premium Molido 250g,Nocturno,3120,2963,2832,131,4.97,67,181132.01,4819.87,1830.27
LOT0200,2025-11-08,Planta Centro,L4 Cápsulas,SKU014,Blend Casa 1kg,Matutino,2880,2839,2726,113,7.17,84,689172.31,8391.14,2172.86
LOT0201,2025-12-30,Planta Norte,L1 Tostado,SKU016,Cápsulas Intensas 10 pzas,Nocturno,2521,2551,2498,53,5.27,52,130121.65,6173.83,2016.49
LOT0202,2025-10-06,Planta Norte,L4 Cápsulas,SKU004,Café Premium Molido 250g,Nocturno,1174,1172,1095,77,8.67,48,73857.92,8471.35,2918.57
LOT0203,2025-10-14,Planta Norte,L3 Empaque,SKU018,Cold Brew Concentrado 1L,Vespertino,2720,2560,2462,98,4.53,19,251729.36,6316.31,963.81
LOT0204,2025-11-03,Planta Occidente,L4 Cápsulas,SKU004,Café Premium Molido 250g,Matutino,1936,1876,1751,125,9.35,100,126999.55,12107.4,3636.83
LOT0205,2025-09-07,Planta Occidente,L3 Empaque,SKU016,Cápsulas Intensas 10 pzas,Vespertino,867,809,785,24,5.91,72,37701.95,7192.01,2484.61
LOT0206,2025-11-17,Planta Occidente,L4 Cápsulas,SKU016,Cápsulas Intensas 10 pzas,Nocturno,2199,2147,2014,133,8.14,96,107090.97,10764.73,2611.69
LOT0207,2025-10-10,Planta Occidente,L3 Empaque,SKU007,Café Orgánico Molido 250g,Vespertino,2511,2366,2234,132,8.85,26,181405.33,9728.7,1886.94
LOT0208,2025-11-24,Planta Occidente,L3 Empaque,SKU017,Cápsulas Descafeinadas 10 pzas,Nocturno,2909,2737,2424,313,9.44,106,149355.55,13403.83,3626.37
LOT0209,2025-11-25,Planta Norte,L2 Molido,SKU005,Café Premium Molido 500g,Vespertino,2637,2670,2633,37,6.6,57,305033.28,9471.03,2542.98
LOT0210,2025-10-28,Planta Norte,L3 Empaque,SKU004,Café Premium Molido 250g,Nocturno,2511,2364,2228,136,6.38,134,154244.33,7897.52,3163.57
LOT0211,2025-11-05,Planta Centro,L2 Molido,SKU019,Drip Bags Selección 8 pzas,Nocturno,2531,2430,2370,60,5.23,37,212786.96,5038.52,1614.35
LOT0212,2025-11-16,Planta Norte,L4 Cápsulas,SKU019,Drip Bags Selección 8 pzas,Vespertino,2696,2612,2403,209,4.8,63,190723.14,4886.83,1448.12
LOT0213,2025-09-08,Planta Norte,L1 Tostado,SKU008,Café Orgánico Molido 500g,Nocturno,1590,1501,1437,64,4.99,37,219623.98,5586.16,1660.91
LOT0214,2025-12-16,Planta Centro,L2 Molido,SKU016,Cápsulas Intensas 10 pzas,Nocturno,2353,2404,2300,104,8.61,62,116017.21,8887.63,2231.53
LOT0215,2025-10-26,Planta Centro,L1 Tostado,SKU017,Cápsulas Descafeinadas 10 pzas,Nocturno,1620,1636,1612,24,7.07,14,83427.44,6611.27,1752.8
LOT0216,2025-10-23,Planta Occidente,L2 Molido,SKU008,Café Orgánico Molido 500g,Matutino,2901,2906,2849,57,9.18,64,387977.15,11472.19,3115.41
LOT0217,2025-11-09,Planta Norte,L2 Molido,SKU012,Espresso Grano 1kg,Vespertino,2850,2752,2610,142,5.06,22,794224.57,7042.98,1143.48
LOT0218,2025-11-05,Planta Occidente,L3 Empaque,SKU006,Café Premium Grano 1kg,Nocturno,3132,3102,2853,249,8.21,170,733044.91,11658.37,3767.64
LOT0219,2025-10-31,Planta Norte,L1 Tostado,SKU011,Descafeinado Molido 500g,Nocturno,2008,2036,1977,59,10.06,28,268261.6,10807.22,2909.39
LOT0220,2025-11-05,Planta Centro,L3 Empaque,SKU017,Cápsulas Descafeinadas 10 pzas,Matutino,862,799,755,44,9.51,46,40937.12,9510.99,3193.37
LOT0221,2025-12-25,Planta Centro,L3 Empaque,SKU002,Café Tradicional Molido 500g,Nocturno,2792,2638,2420,218,5.15,61,229515.04,6449.11,2074.19
LOT0222,2025-12-09,Planta Occidente,L2 Molido,SKU019,Drip Bags Selección 8 pzas,Vespertino,1584,1545,1479,66,5.92,42,145059.28,7078.07,1842.08
LOT0223,2025-11-25,Planta Centro,L4 Cápsulas,SKU001,Café Tradicional Molido 250g,Matutino,2490,2518,2417,101,5.77,100,110207.52,7444.28,2820.17
LOT0224,2025-10-30,Planta Centro,L3 Empaque,SKU011,Descafeinado Molido 500g,Nocturno,2638,2552,2386,166,5.22,157,361663.0,6110.28,2090.03
LOT0225,2025-11-11,Planta Norte,L1 Tostado,SKU006,Café Premium Grano 1kg,Nocturno,711,711,673,38,8.96,33,156920.56,10007.8,2957.32
LOT0226,2025-12-28,Planta Centro,L2 Molido,SKU001,Café Tradicional Molido 250g,Matutino,616,632,615,17,8.11,11,26441.32,7791.69,1602.96
LOT0227,2025-09-23,Planta Occidente,L2 Molido,SKU018,Cold Brew Concentrado 1L,Vespertino,2068,2111,2071,40,5.28,13,189459.3,6072.28,1259.62
LOT0228,2025-09-18,Planta Occidente,L3 Empaque,SKU008,Café Orgánico Molido 500g,Nocturno,2774,2655,2497,158,8.55,144,408516.54,10597.16,3765.0
LOT0229,2025-11-01,Planta Occidente,L2 Molido,SKU007,Café Orgánico Molido 250g,Nocturno,822,832,817,15,6.62,39,59319.66,7704.57,1554.19
LOT0230,2025-09-08,Planta Norte,L1 Tostado,SKU013,Café de Altura 340g,Nocturno,1429,1426,1386,40,9.71,28,114870.89,10230.47,2334.18
LOT0231,2025-11-29,Planta Occidente,L3 Empaque,SKU007,Café Orgánico Molido 250g,Nocturno,1425,1424,1321,103,7.98,55,98746.42,7007.69,2282.71
LOT0232,2025-11-27,Planta Norte,L2 Molido,SKU012,Espresso Grano 1kg,Matutino,2035,1893,1861,32,5.41,14,534624.18,4602.46,1719.27
LOT0233,2025-12-28,Planta Centro,L3 Empaque,SKU015,Cápsulas Clásicas 10 pzas,Vespertino,1689,1610,1583,27,7.45,50,69642.86,8945.31,1929.17
LOT0234,2025-10-09,Planta Centro,L2 Molido,SKU005,Café Premium Molido 500g,Matutino,1085,1080,1030,50,6.58,40,134851.67,5692.09,1527.57
LOT0235,2025-09-17,Planta Occidente,L3 Empaque,SKU016,Cápsulas Intensas 10 pzas,Matutino,2359,2338,2237,101,10.08,38,96527.07,13183.56,3058.3
LOT0236,2025-09-28,Planta Centro,L4 Cápsulas,SKU005,Café Premium Molido 500g,Nocturno,968,896,855,41,5.49,101,125346.35,6355.63,2271.04
LOT0237,2025-11-05,Planta Centro,L2 Molido,SKU010,Descafeinado Molido 250g,Vespertino,1103,1017,973,44,5.98,47,64553.91,7641.69,2075.26
LOT0238,2025-12-15,Planta Occidente,L1 Tostado,SKU012,Espresso Grano 1kg,Nocturno,918,911,898,13,5.53,79,275714.89,5221.26,2290.11
LOT0239,2025-12-28,Planta Centro,L1 Tostado,SKU012,Espresso Grano 1kg,Nocturno,1316,1272,1245,27,5.87,46,402315.37,5593.76,1782.64
LOT0240,2025-10-03,Planta Centro,L1 Tostado,SKU003,Café Tradicional Grano 1kg,Vespertino,1206,1228,1175,53,6.79,40,215401.66,9805.78,2127.98
LOT0241,2025-09-03,Planta Occidente,L3 Empaque,SKU002,Café Tradicional Molido 500g,Vespertino,3191,3108,3009,99,7.53,40,240417.21,8484.74,2228.81
LOT0242,2025-11-21,Planta Norte,L1 Tostado,SKU016,Cápsulas Intensas 10 pzas,Vespertino,1523,1563,1470,93,9.03,29,81999.27,12185.94,1931.32
LOT0243,2025-10-26,Planta Centro,L4 Cápsulas,SKU019,Drip Bags Selección 8 pzas,Vespertino,2732,2587,2413,174,5.42,100,225526.5,5573.4,2364.05
LOT0244,2025-09-17,Planta Centro,L2 Molido,SKU001,Café Tradicional Molido 250g,Vespertino,3016,3032,2939,93,9.76,38,123268.53,9667.0,2497.94
LOT0245,2025-12-20,Planta Norte,L2 Molido,SKU010,Descafeinado Molido 250g,Nocturno,1572,1514,1483,31,5.02,43,106923.21,5300.86,1515.7
LOT0246,2025-12-28,Planta Occidente,L2 Molido,SKU016,Cápsulas Intensas 10 pzas,Nocturno,2841,2772,2738,34,6.77,58,137379.74,8169.64,2552.01
LOT0247,2025-12-03,Planta Centro,L4 Cápsulas,SKU001,Café Tradicional Molido 250g,Vespertino,2118,1997,1890,107,6.85,88,73451.18,6624.6,2042.6
LOT0248,2025-12-20,Planta Norte,L3 Empaque,SKU003,Café Tradicional Grano 1kg,Vespertino,2939,2973,2804,169,10.13,78,450456.09,14044.33,3303.43
LOT0249,2025-09-07,Planta Norte,L2 Molido,SKU006,Café Premium Grano 1kg,Matutino,2855,2871,2839,32,6.73,53,804430.58,6069.47,2514.13
LOT0250,2025-09-25,Planta Norte,L3 Empaque,SKU012,Espresso Grano 1kg,Matutino,1743,1663,1591,72,9.99,68,491432.74,14353.28,3651.09
LOT0251,2025-10-22,Planta Occidente,L4 Cápsulas,SKU002,Café Tradicional Molido 500g,Vespertino,1352,1340,1277,63,6.93,116,115351.39,9043.49,2505.01
LOT0252,2025-12-21,Planta Occidente,L3 Empaque,SKU009,Café Orgánico Grano 1kg,Nocturno,2492,2459,2289,170,6.64,151,736301.78,6561.47,3160.03
LOT0253,2025-12-22,Planta Occidente,L1 Tostado,SKU004,Café Premium Molido 250g,Nocturno,1162,1176,1111,65,7.78,18,63337.72,9033.18,2537.3
LOT0254,2025-09-14,Planta Occidente,L2 Molido,SKU019,Drip Bags Selección 8 pzas,Vespertino,1618,1493,1459,34,8.73,45,131486.62,11721.8,2065.48
LOT0255,2025-10-31,Planta Occidente,L3 Empaque,SKU005,Café Premium Molido 500g,Nocturno,1178,1148,1077,71,9.3,163,153126.74,11399.69,4321.41
LOT0256,2025-11-19,Planta Norte,L2 Molido,SKU019,Drip Bags Selección 8 pzas,Matutino,1343,1343,1281,62,9.01,35,116483.08,10579.63,2930.33
LOT0257,2025-09-08,Planta Occidente,L4 Cápsulas,SKU012,Espresso Grano 1kg,Vespertino,1519,1511,1451,60,7.34,98,411802.14,9152.5,2748.31
LOT0258,2025-09-27,Planta Centro,L1 Tostado,SKU018,Cold Brew Concentrado 1L,Matutino,3179,2975,2798,177,9.88,58,258864.06,10816.84,2931.28
LOT0259,2025-10-14,Planta Norte,L2 Molido,SKU016,Cápsulas Intensas 10 pzas,Vespertino,2397,2225,2175,50,5.15,51,107945.01,6137.62,1498.59
LOT0260,2025-10-03,Planta Centro,L4 Cápsulas,SKU014,Blend Casa 1kg,Matutino,1476,1432,1374,58,5.09,43,353358.95,6390.09,1448.54
LOT0261,2025-11-06,Planta Occidente,L2 Molido,SKU007,Café Orgánico Molido 250g,Nocturno,2012,1941,1852,89,7.49,19,154181.18,9063.51,1576.05
LOT0262,2025-12-28,Planta Norte,L1 Tostado,SKU005,Café Premium Molido 500g,Nocturno,1654,1646,1600,46,7.11,53,218245.73,6777.54,1640.2
LOT0263,2025-10-10,Planta Occidente,L1 Tostado,SKU009,Café Orgánico Grano 1kg,Matutino,2452,2299,2234,65,4.8,73,658506.67,4272.8,1738.92
LOT0264,2025-12-26,Planta Occidente,L2 Molido,SKU013,Café de Altura 340g,Vespertino,2082,2024,1994,30,6.0,37,165016.04,5937.69,1495.32
LOT0265,2025-11-18,Planta Norte,L2 Molido,SKU011,Descafeinado Molido 500g,Nocturno,1634,1590,1540,50,6.94,35,219273.5,6540.31,2366.11
LOT0266,2025-11-22,Planta Norte,L3 Empaque,SKU011,Descafeinado Molido 500g,Nocturno,1746,1653,1547,106,6.72,166,236513.77,9555.71,3042.09
LOT0267,2025-11-04,Planta Norte,L4 Cápsulas,SKU009,Café Orgánico Grano 1kg,Nocturno,3193,3110,2907,203,8.27,70,894055.46,9427.79,2171.79
LOT0268,2025-11-10,Planta Occidente,L2 Molido,SKU011,Descafeinado Molido 500g,Nocturno,3012,3048,2995,53,6.95,24,466248.99,10025.57,1808.53
LOT0269,2025-11-25,Planta Occidente,L3 Empaque,SKU007,Café Orgánico Molido 250g,Vespertino,936,946,924,22,10.25,31,71604.14,10993.54,2576.85
LOT0270,2025-11-09,Planta Occidente,L1 Tostado,SKU002,Café Tradicional Molido 500g,Nocturno,963,952,914,38,5.2,44,69935.18,4928.42,1419.0
LOT0271,2025-10-29,Planta Norte,L1 Tostado,SKU018,Cold Brew Concentrado 1L,Nocturno,3090,3042,2903,139,5.61,21,280846.6,6844.06,1715.85
LOT0272,2025-11-10,Planta Occidente,L3 Empaque,SKU017,Cápsulas Descafeinadas 10 pzas,Matutino,964,953,922,31,6.65,46,50733.18,9510.8,1682.65
LOT0273,2025-11-13,Planta Norte,L3 Empaque,SKU004,Café Premium Molido 250g,Matutino,1049,1025,985,40,5.62,18,67925.28,7572.66,1026.12
LOT0274,2025-11-16,Planta Norte,L2 Molido,SKU018,Cold Brew Concentrado 1L,Matutino,1145,1126,1061,65,6.33,11,95489.5,7246.65,1543.13
LOT0275,2025-09-04,Planta Centro,L2 Molido,SKU003,Café Tradicional Grano 1kg,Nocturno,1149,1089,1027,62,5.15,26,155715.27,5614.71,1703.05
LOT0276,2025-11-20,Planta Occidente,L2 Molido,SKU010,Descafeinado Molido 250g,Vespertino,779,724,702,22,6.34,65,47931.09,8027.4,2284.87
LOT0277,2025-10-30,Planta Centro,L4 Cápsulas,SKU019,Drip Bags Selección 8 pzas,Vespertino,2990,2788,2669,119,8.16,45,247943.51,10374.98,3008.94
LOT0278,2025-09-26,Planta Occidente,L3 Empaque,SKU015,Cápsulas Clásicas 10 pzas,Nocturno,1383,1342,1222,120,8.94,69,57851.16,8113.27,2228.76
LOT0279,2025-10-16,Planta Norte,L4 Cápsulas,SKU015,Cápsulas Clásicas 10 pzas,Vespertino,1726,1624,1562,62,5.87,68,69268.72,7877.66,2332.32
LOT0280,2025-12-01,Planta Norte,L4 Cápsulas,SKU004,Café Premium Molido 250g,Nocturno,1458,1465,1384,81,8.57,75,78722.31,11940.89,3538.51
LOT0281,2025-09-14,Planta Occidente,L1 Tostado,SKU012,Espresso Grano 1kg,Vespertino,3079,2927,2755,172,10.11,43,717223.72,13758.11,3056.75
LOT0282,2025-09-21,Planta Norte,L4 Cápsulas,SKU012,Espresso Grano 1kg,Nocturno,1972,1913,1819,94,6.47,41,506203.24,8265.12,1419.09
LOT0283,2025-11-03,Planta Occidente,L2 Molido,SKU006,Café Premium Grano 1kg,Nocturno,3020,2881,2831,50,6.78,24,650708.78,8290.06,2311.51
LOT0284,2025-09-24,Planta Occidente,L2 Molido,SKU018,Cold Brew Concentrado 1L,Matutino,1410,1452,1373,79,8.77,15,143559.94,8970.92,1694.83
LOT0285,2025-10-15,Planta Occidente,L4 Cápsulas,SKU014,Blend Casa 1kg,Vespertino,2931,2900,2711,189,9.15,100,670150.55,12819.92,3483.38
LOT0286,2025-12-25,Planta Centro,L2 Molido,SKU005,Café Premium Molido 500g,Nocturno,1086,1045,1007,38,9.87,60,117252.69,10989.21,3556.49
LOT0287,2025-12-13,Planta Norte,L3 Empaque,SKU017,Cápsulas Descafeinadas 10 pzas,Nocturno,949,969,899,70,9.02,81,50168.66,10631.37,2799.5
LOT0288,2025-11-15,Planta Norte,L2 Molido,SKU008,Café Orgánico Molido 500g,Nocturno,3021,2834,2672,162,7.65,79,357511.94,8282.52,2085.86
LOT0289,2025-09-03,Planta Occidente,L4 Cápsulas,SKU004,Café Premium Molido 250g,Matutino,2671,2669,2581,88,8.48,59,153124.39,8244.46,2534.17
LOT0290,2025-12-27,Planta Centro,L2 Molido,SKU011,Descafeinado Molido 500g,Nocturno,1999,1861,1768,93,10.09,53,271109.4,9378.77,3092.55
LOT0291,2025-09-11,Planta Centro,L3 Empaque,SKU001,Café Tradicional Molido 250g,Vespertino,2256,2316,2190,126,8.77,40,84050.39,10312.84,1891.29
LOT0292,2025-12-29,Planta Norte,L4 Cápsulas,SKU007,Café Orgánico Molido 250g,Vespertino,2616,2483,2322,161,10.31,109,197594.41,13756.77,4276.96
LOT0293,2025-11-15,Planta Centro,L1 Tostado,SKU005,Café Premium Molido 500g,Matutino,1636,1663,1594,69,6.83,80,204294.84,8337.7,1891.91
LOT0294,2025-10-17,Planta Occidente,L2 Molido,SKU019,Drip Bags Selección 8 pzas,Matutino,2613,2658,2569,89,9.43,54,203773.21,11656.35,3038.37
LOT0295,2025-09-30,Planta Norte,L4 Cápsulas,SKU019,Drip Bags Selección 8 pzas,Vespertino,1281,1279,1197,82,6.29,46,113874.82,7866.61,1901.68
LOT0296,2025-11-09,Planta Norte,L2 Molido,SKU013,Café de Altura 340g,Nocturno,1611,1541,1452,89,4.6,51,135667.87,6334.44,1667.33
LOT0297,2025-11-20,Planta Occidente,L2 Molido,SKU002,Café Tradicional Molido 500g,Vespertino,3010,3084,3035,49,4.66,69,247040.4,4269.1,2204.85
LOT0298,2025-12-15,Planta Norte,L4 Cápsulas,SKU006,Café Premium Grano 1kg,Matutino,1905,1787,1635,152,6.46,87,452454.86,6209.8,2512.91
LOT0299,2025-10-19,Planta Occidente,L2 Molido,SKU012,Espresso Grano 1kg,Vespertino,1934,1944,1893,51,5.67,16,501783.87,6062.69,1715.34
LOT0300,2025-10-30,Planta Norte,L4 Cápsulas,SKU019,Drip Bags Selección 8 pzas,Vespertino,765,777,746,31,5.17,39,63946.87,7080.84,1286.07
